id,name,model_id:id,group_id:id,perm_read,perm_write,perm_create,perm_unlink
access_habitacion_admin,access_habitacion_admin,model_hotel_habitacion,base.group_system,1,1,1,1
access_habitacion_user,access_habitacion_user,model_hotel_habitacion,base.group_user,1,1,1,0
access_limpieza_admin,access_limpieza_admin,model_hotel_limpieza,base.group_system,1,1,1,1
access_limpieza_user,access_limpieza_user,model_hotel_limpieza,base.group_user,1,1,1,0
access_reserva_admin,access_reserva_admin,model_hotel_reserva,base.group_system,1,1,1,1
access_reserva_user,access_reserva_user,model_hotel_reserva,base.group_user,1,1,1,0
access_mantenimiento_admin,access_mantenimiento_admin,model_hotel_mantenimiento,base.group_system,1,1,1,1
access_mantenimiento_user,access_mantenimiento_user,model_hotel_mantenimiento,base.group_user,1,1,1,0
access_hotel_dashboard_admin,access_hotel_dashboard_admin,model_hotel_dashboard,base.group_system,1,1,1,1
access_hotel_dashboard_user,access_hotel_dashboard_user,model_hotel_dashboard,base.group_user,1,1,1,0
access_hotel_precio_admin,access_hotel_precio_admin,model_hotel_precio,base.group_system,1,1,1,1
access_hotel_precio_user,access_hotel_precio_user,model_hotel_precio,base.group_user,1,1,1,0
access_hotel_tarifa_admin,access_hotel_tarifa_admin,model_hotel_tarifa,base.group_system,1,1,1,1
access_hotel_tarifa_user,access_hotel_tarifa_user,model_hotel_tarifa,base.group_user,1,1,1,0
access_habitacion_stage_admin,access_habitacion_stage_admin,model_hotel_habitacion_stage,base.group_system,1,1,1,1
access_habitacion_stage_user,access_habitacion_stage_user,model_hotel_habitacion_stage,base.group_user,1,1,1,0
access_tipo_habitacion_admin,access_tipo_habitacion_admin,model_hotel_habitacion_tipo,base.group_system,1,1,1,1
access_tipo_habitacion_user,access_tipo_habitacion_user,model_hotel_habitacion_tipo,base.group_user,1,1,1,0
access_reserva_stage_admin,access_reserva_stage_admin,model_hotel_reserva_stage,base.group_system,1,1,1,1
access_reserva_stage_user,access_reserva_stage_user,model_hotel_reserva_stage,base.group_user,1,1,1,0
access_limpieza_stage_admin,access_limpieza_stage_admin,model_hotel_limpieza_stage,base.group_system,1,1,1,1
access_limpieza_stage_user,access_limpieza_stage_user,model_hotel_limpieza_stage,base.group_user,1,1,1,0
access_eliminar_historial_limpieza_wizard_admin,access_eliminar_historial_limpieza_wizard_admin,model_eliminar_historial_limpieza_wizard,base.group_system,1,1,1,1
access_eliminar_historial_limpieza_wizard_user,access_eliminar_historial_limpieza_wizard_user,model_eliminar_historial_limpieza_wizard,base.group_user,1,1,1,0
access_mantenimiento_stage_admin,access_mantenimiento_stage_admin,model_hotel_mantenimiento_stage,base.group_system,1,1,1,1
access_mantenimiento_stage_user,access_mantenimiento_stage_user,model_hotel_mantenimiento_stage,base.group_user,1,1,1,0
access_eliminar_historial_mantenimiento_wizard_admin,access_eliminar_historial_mantenimiento_wizard_admin,model_eliminar_historial_mantenimiento_wizard,base.group_system,1,1,1,1
access_eliminar_historial_mantenimiento_wizard_user,access_eliminar_historial_mantenimiento_wizard_user,model_eliminar_historial_mantenimiento_wizard,base.group_user,1,1,1,0
access_reserva_cancel_wizard_user,access_reserva_cancel_wizard_user,model_hotel_reserva_cancel_wizard,base.group_user,1,1,1,0
access_reserva_cancel_wizard_admin,access_reserva_cancel_wizard_admin,model_hotel_reserva_cancel_wizard,base.group_system,1,1,1,0
access_confirmar_eliminar_limpieza_wizard_admin,access_confirmar_eliminar_limpieza_wizard_admin,model_confirmar_eliminar_limpieza_wizard,base.group_system,1,1,1,1
access_confirmar_eliminar_limpieza_wizard_user,access_confirmar_eliminar_limpieza_wizard_user,model_confirmar_eliminar_limpieza_wizard,base.group_user,1,1,1,0
access_confirmar_eliminar_mantenimiento_wizard_admin,access_confirmar_eliminar_mantenimiento_wizard_admin,model_confirmar_eliminar_mantenimiento_wizard,base.group_system,1,1,1,1
access_confirmar_eliminar_mantenimiento_wizard_user,access_confirmar_eliminar_mantenimiento_wizard_user,model_confirmar_eliminar_mantenimiento_wizard,base.group_user,1,1,1,0
access_hotel_habitacion_tipo_imagen_admin,access_hotel_habitacion_tipo_imagen_admin,model_hotel_habitacion_tipo_imagen,base.group_system,1,1,1,1
access_hotel_habitacion_tipo_imagen_user,access_hotel_habitacion_tipo_imagen_user,model_hotel_habitacion_tipo_imagen,base.group_user,1,1,1,0
