<odoo>
    <data noupdate="1">
        <!-- Acceso público de LECTURA para imágenes -->
        <record id="access_hotel_habitacion_tipo_imagen_public" model="ir.model.access">
            <field name="name">hotel.habitacion.tipo.imagen.public</field>
            <field name="model_id" ref="model_hotel_habitacion_tipo_imagen"/>
            <field name="group_id" ref="base.group_public"/>
            <field name="perm_read" eval="True"/>
            <field name="perm_write" eval="False"/>
            <field name="perm_create" eval="False"/>
            <field name="perm_unlink" eval="False"/>
        </record>
        
        <!-- Acceso público de LECTURA para tipos de habitación -->
        <record id="access_hotel_habitacion_tipo_public" model="ir.model.access">
            <field name="name">hotel.habitacion.tipo.public</field>
            <field name="model_id" ref="model_hotel_habitacion_tipo"/>
            <field name="group_id" ref="base.group_public"/>
            <field name="perm_read" eval="True"/>
            <field name="perm_write" eval="False"/>
            <field name="perm_create" eval="False"/>
            <field name="perm_unlink" eval="False"/>
        </record>
    </data>
</odoo>