<odoo>
    <data noupdate="1">
        <!-- Contacto 1 -->
        <record id="demo_partner_juan" model="res.partner">
            <field name="name">Juan Pérez</field>
            <field name="email">juan.perez@example.com</field>
            <field name="phone">+52 55 1234 5678</field>
            <field name="street">Av. Reforma 123</field>
            <field name="city">Ciudad de México</field>
            <field name="country_id" ref="base.mx"/>
            <field name="company_type">person</field>
        </record>

        <!-- Contacto 2 -->
        <record id="demo_partner_maria" model="res.partner">
            <field name="name">María López</field>
            <field name="email">maria.lopez@example.com</field>
            <field name="phone">+52 55 9876 5432</field>
            <field name="street">Calle 5 #45</field>
            <field name="city">Guadalajara</field>
            <field name="country_id" ref="base.mx"/>
            <field name="company_type">person</field>
        </record>

        <!-- Empresa -->
        <record id="demo_partner_hotel_sol" model="res.partner">
            <field name="name">Hotel Sol y Luna</field>
            <field name="email">contacto@solyluna.com</field>
            <field name="phone">+52 81 3000 2000</field>
            <field name="street">Centro 201</field>
            <field name="city">Monterrey</field>
            <field name="country_id" ref="base.mx"/>
            <field name="company_type">company</field>
        </record>
    </data>
</odoo>