<odoo>
    <data noupdate="1">
        <!-- Partner del empleado 1 -->
        <record id="demo_employee_partner_luis" model="res.partner">
            <field name="name">Luis Hernández</field>
            <field name="email">luis.hdz@example.com</field>
            <field name="phone">+52 55 4444 8888</field>
        </record>

        <!-- Empleado 1 -->
        <record id="demo_employee_luis" model="hr.employee">
            <field name="name">Luis Hernández</field>
            <field name="work_email">luis.hdz@example.com</field>
            <field name="work_phone">+52 55 4444 8888</field>
            <field name="job_title">Recepcionista</field>
        </record>

        <!-- Partner del empleado 2 -->
        <record id="demo_employee_partner_ana" model="res.partner">
            <field name="name">Ana Torres</field>
            <field name="email">ana.torres@example.com</field>
            <field name="phone">+52 33 3322 1188</field>
        </record>

        <!-- Empleado 2 -->
        <record id="demo_employee_ana" model="hr.employee">
            <field name="name">Ana Torres</field>
            <field name="work_email">ana.torres@example.com</field>
            <field name="job_title">Camarista</field>
        </record>

        <!-- Empleado 3 -->
        <record id="demo_employee_carla" model="hr.employee">
            <field name="name">Carla Mendoza</field>
            <field name="work_email">carla.mdz@example.com</field>
            <field name="job_title">Gerente de Hotel</field>
        </record>
    </data>
</odoo>