<odoo>
    <data noupdate="1">
        <record id="stage_disponible" model="hotel.habitacion.stage">
            <field name="name">Disponible</field>
            <field name="sequence">1</field>
        </record>
        <record id="stage_ocupada" model="hotel.habitacion.stage">
            <field name="name">Ocupada</field>
            <field name="sequence">2</field>
        </record>
        <record id="stage_limpieza" model="hotel.habitacion.stage">
            <field name="name">En Limpieza</field>
            <field name="sequence">3</field>
        </record>
        <record id="stage_mantenimiento" model="hotel.habitacion.stage">
            <field name="name">En Mantenimiento</field>
            <field name="sequence">4</field>
        </record>
    </data>
</odoo>