<odoo>
    <data noupdate="1">
        <!-- HABITACIONES JUNIOR-->
        <record id="habitacion_101" model="hotel.habitacion">
            <field name="name">101</field>
            <field name="stage_id" ref="gestion_hotelera.stage_disponible"/>
            <field name="tipo_habitacion_id" ref="gestion_hotelera.tipo_junior"/>
            <field name="descripcion"></field>
        </record>
        <record id="habitacion_102" model="hotel.habitacion">
            <field name="name">102</field>
            <field name="stage_id" ref="gestion_hotelera.stage_disponible"/>
            <field name="tipo_habitacion_id" ref="gestion_hotelera.tipo_junior"/>
            <field name="descripcion"></field>
        </record>
        <record id="habitacion_103" model="hotel.habitacion">
            <field name="name">103</field>
            <field name="stage_id" ref="gestion_hotelera.stage_disponible"/>
            <field name="tipo_habitacion_id" ref="gestion_hotelera.tipo_junior"/>
            <field name="descripcion"></field>
        </record>
        <record id="habitacion_104" model="hotel.habitacion">
            <field name="name">104</field>
            <field name="stage_id" ref="gestion_hotelera.stage_disponible"/>
            <field name="tipo_habitacion_id" ref="gestion_hotelera.tipo_junior"/>
            <field name="descripcion"></field>
        </record>
        <record id="habitacion_105" model="hotel.habitacion">
            <field name="name">105</field>
            <field name="stage_id" ref="gestion_hotelera.stage_disponible"/>
            <field name="tipo_habitacion_id" ref="gestion_hotelera.tipo_junior"/>
            <field name="descripcion"></field>
        </record>
        
            <!-- HABITACIONES MASTER-->
        <record id="habitacion_201" model="hotel.habitacion">
            <field name="name">201</field>
            <field name="stage_id" ref="gestion_hotelera.stage_disponible"/>
            <field name="tipo_habitacion_id" ref="gestion_hotelera.tipo_master"/>
            <field name="descripcion"></field>
        </record>
        <record id="habitacion_202" model="hotel.habitacion">
            <field name="name">202</field>
            <field name="stage_id" ref="gestion_hotelera.stage_disponible"/>
            <field name="tipo_habitacion_id" ref="gestion_hotelera.tipo_master"/>
            <field name="descripcion"></field>
        </record>
        <record id="habitacion_203" model="hotel.habitacion">
            <field name="name">203</field>
            <field name="stage_id" ref="gestion_hotelera.stage_disponible"/>
            <field name="tipo_habitacion_id" ref="gestion_hotelera.tipo_master"/>
            <field name="descripcion"></field>
        </record>
        <record id="habitacion_204" model="hotel.habitacion">
            <field name="name">204</field>
            <field name="stage_id" ref="gestion_hotelera.stage_disponible"/>
            <field name="tipo_habitacion_id" ref="gestion_hotelera.tipo_master"/>
            <field name="descripcion"></field>
        </record>
        <record id="habitacion_205" model="hotel.habitacion">
            <field name="name">205</field>
            <field name="stage_id" ref="gestion_hotelera.stage_disponible"/>
            <field name="tipo_habitacion_id" ref="gestion_hotelera.tipo_master"/>
            <field name="descripcion"></field>
        </record>
        
                <!-- HABITACIONES VILLA-->
        <record id="habitacion_301" model="hotel.habitacion">
            <field name="name">301</field>
            <field name="stage_id" ref="gestion_hotelera.stage_disponible"/>
            <field name="tipo_habitacion_id" ref="gestion_hotelera.tipo_villa"/>
            <field name="descripcion"></field>
        </record>
        <record id="habitacion_302" model="hotel.habitacion">
            <field name="name">302</field>
            <field name="stage_id" ref="gestion_hotelera.stage_disponible"/>
            <field name="tipo_habitacion_id" ref="gestion_hotelera.tipo_villa"/>
            <field name="descripcion"></field>
        </record>
        <record id="habitacion_303" model="hotel.habitacion">
            <field name="name">303</field>
            <field name="stage_id" ref="gestion_hotelera.stage_disponible"/>
            <field name="tipo_habitacion_id" ref="gestion_hotelera.tipo_villa"/>
            <field name="descripcion"></field>
        </record>
        <record id="habitacion_304" model="hotel.habitacion">
            <field name="name">304</field>
            <field name="stage_id" ref="gestion_hotelera.stage_disponible"/>
            <field name="tipo_habitacion_id" ref="gestion_hotelera.tipo_villa"/>
            <field name="descripcion"></field>
        </record>
        <record id="habitacion_305" model="hotel.habitacion">
            <field name="name">305</field>
            <field name="stage_id" ref="gestion_hotelera.stage_disponible"/>
            <field name="tipo_habitacion_id" ref="gestion_hotelera.tipo_villa"/>
            <field name="descripcion"></field>
        </record>

    </data>
</odoo>