<?xml version="1.0" encoding="UTF-8"?>
<odoo>
    <record id="stage_limpieza_nuevo" model="hotel.limpieza.stage">
        <field name="name">Nuevo</field>
        <field name="sequence">1</field>
        <field name="estado_interno">nuevo</field>
    </record>

    <record id="stage_limpieza_en_progreso" model="hotel.limpieza.stage">
        <field name="name">En Progreso</field>
        <field name="sequence">2</field>
        <field name="estado_interno">en_progreso</field>
    </record>

    <record id="stage_limpieza_finalizada" model="hotel.limpieza.stage">
        <field name="name">Finalizada</field>
        <field name="sequence">3</field>
        <field name="estado_interno">finalizado</field>
    </record>
    
    <record id="stage_limpieza_historial" model="hotel.limpieza.stage">
        <field name="name">Historial</field>
        <field name="sequence">4</field>
        <field name="estado_interno">historial</field>
        <field name="fold">True</field>
    </record>
</odoo>