<odoo>
    <data noupdate="1">
        <!-- ========================================================= -->
        <!-- HABITACIONES 101–105 (JUNIOR SUITE) → $1000 -->
        <!-- ========================================================= -->
        
        <!-- ================= HABITACIÓN 101 ================= -->
        <record id="precio_sintarifa_hab101" model="hotel.precio">
            <field name="precio_noche">1000</field>
            <field name="id_habitacion" ref="gestion_hotelera.habitacion_101"/>
        </record>
        <record id="precio_primavera_hab101" model="hotel.precio">
            <field name="precio_noche">1000</field>
            <field name="id_habitacion" ref="gestion_hotelera.habitacion_101"/>
            <field name="id_tarifa" ref="gestion_hotelera.tarifa_primavera"/>
        </record>
        <record id="precio_verano_hab101" model="hotel.precio">
            <field name="precio_noche">1000</field>
            <field name="id_habitacion" ref="gestion_hotelera.habitacion_101"/>
            <field name="id_tarifa" ref="gestion_hotelera.tarifa_verano"/>
        </record>
        <record id="precio_otonio_hab101" model="hotel.precio">
            <field name="precio_noche">1000</field>
            <field name="id_habitacion" ref="gestion_hotelera.habitacion_101"/>
            <field name="id_tarifa" ref="gestion_hotelera.tarifa_otonio"/>
        </record>
        <record id="precio_invierno_hab101" model="hotel.precio">
            <field name="precio_noche">1000</field>
            <field name="id_habitacion" ref="gestion_hotelera.habitacion_101"/>
            <field name="id_tarifa" ref="gestion_hotelera.tarifa_invierno"/>
        </record>
        
        
        <!-- ================= HABITACIÓN 102 ================= -->
        <record id="precio_sintarifa_hab102" model="hotel.precio">
            <field name="precio_noche">1000</field>
            <field name="id_habitacion" ref="gestion_hotelera.habitacion_102"/>
        </record>
        <record id="precio_primavera_hab102" model="hotel.precio">
            <field name="precio_noche">1000</field>
            <field name="id_habitacion" ref="gestion_hotelera.habitacion_102"/>
            <field name="id_tarifa" ref="gestion_hotelera.tarifa_primavera"/>
        </record>
        <record id="precio_verano_hab102" model="hotel.precio">
            <field name="precio_noche">1000</field>
            <field name="id_habitacion" ref="gestion_hotelera.habitacion_102"/>
            <field name="id_tarifa" ref="gestion_hotelera.tarifa_verano"/>
        </record>
        <record id="precio_otonio_hab102" model="hotel.precio">
            <field name="precio_noche">1000</field>
            <field name="id_habitacion" ref="gestion_hotelera.habitacion_102"/>
            <field name="id_tarifa" ref="gestion_hotelera.tarifa_otonio"/>
        </record>
        <record id="precio_invierno_hab102" model="hotel.precio">
            <field name="precio_noche">1000</field>
            <field name="id_habitacion" ref="gestion_hotelera.habitacion_102"/>
            <field name="id_tarifa" ref="gestion_hotelera.tarifa_invierno"/>
        </record>
        
        
        <!-- ================= HABITACIÓN 103 ================= -->
        <record id="precio_sintarifa_hab103" model="hotel.precio">
            <field name="precio_noche">1000</field>
            <field name="id_habitacion" ref="gestion_hotelera.habitacion_103"/>
        </record>
        <record id="precio_primavera_hab103" model="hotel.precio">
            <field name="precio_noche">1000</field>
            <field name="id_habitacion" ref="gestion_hotelera.habitacion_103"/>
            <field name="id_tarifa" ref="gestion_hotelera.tarifa_primavera"/>
        </record>
        <record id="precio_verano_hab103" model="hotel.precio">
            <field name="precio_noche">1000</field>
            <field name="id_habitacion" ref="gestion_hotelera.habitacion_103"/>
            <field name="id_tarifa" ref="gestion_hotelera.tarifa_verano"/>
        </record>
        <record id="precio_otonio_hab103" model="hotel.precio">
            <field name="precio_noche">1000</field>
            <field name="id_habitacion" ref="gestion_hotelera.habitacion_103"/>
            <field name="id_tarifa" ref="gestion_hotelera.tarifa_otonio"/>
        </record>
        <record id="precio_invierno_hab103" model="hotel.precio">
            <field name="precio_noche">1000</field>
            <field name="id_habitacion" ref="gestion_hotelera.habitacion_103"/>
            <field name="id_tarifa" ref="gestion_hotelera.tarifa_invierno"/>
        </record>
        
        
        <!-- ================= HABITACIÓN 104 ================= -->
        <record id="precio_sintarifa_hab104" model="hotel.precio">
            <field name="precio_noche">1000</field>
            <field name="id_habitacion" ref="gestion_hotelera.habitacion_104"/>
        </record>
        <record id="precio_primavera_hab104" model="hotel.precio">
            <field name="precio_noche">1000</field>
            <field name="id_habitacion" ref="gestion_hotelera.habitacion_104"/>
            <field name="id_tarifa" ref="gestion_hotelera.tarifa_primavera"/>
        </record>
        <record id="precio_verano_hab104" model="hotel.precio">
            <field name="precio_noche">1000</field>
            <field name="id_habitacion" ref="gestion_hotelera.habitacion_104"/>
            <field name="id_tarifa" ref="gestion_hotelera.tarifa_verano"/>
        </record>
        <record id="precio_otonio_hab104" model="hotel.precio">
            <field name="precio_noche">1000</field>
            <field name="id_habitacion" ref="gestion_hotelera.habitacion_104"/>
            <field name="id_tarifa" ref="gestion_hotelera.tarifa_otonio"/>
        </record>
        <record id="precio_invierno_hab104" model="hotel.precio">
            <field name="precio_noche">1000</field>
            <field name="id_habitacion" ref="gestion_hotelera.habitacion_104"/>
            <field name="id_tarifa" ref="gestion_hotelera.tarifa_invierno"/>
        </record>
        
        
        <!-- ================= HABITACIÓN 105 ================= -->
        <record id="precio_sintarifa_hab105" model="hotel.precio">
            <field name="precio_noche">1000</field>
            <field name="id_habitacion" ref="gestion_hotelera.habitacion_105"/>
        </record>
        <record id="precio_primavera_hab105" model="hotel.precio">
            <field name="precio_noche">1000</field>
            <field name="id_habitacion" ref="gestion_hotelera.habitacion_105"/>
            <field name="id_tarifa" ref="gestion_hotelera.tarifa_primavera"/>
        </record>
        <record id="precio_verano_hab105" model="hotel.precio">
            <field name="precio_noche">1000</field>
            <field name="id_habitacion" ref="gestion_hotelera.habitacion_105"/>
            <field name="id_tarifa" ref="gestion_hotelera.tarifa_verano"/>
        </record>
        <record id="precio_otonio_hab105" model="hotel.precio">
            <field name="precio_noche">1000</field>
            <field name="id_habitacion" ref="gestion_hotelera.habitacion_105"/>
            <field name="id_tarifa" ref="gestion_hotelera.tarifa_otonio"/>
        </record>
        <record id="precio_invierno_hab105" model="hotel.precio">
            <field name="precio_noche">1000</field>
            <field name="id_habitacion" ref="gestion_hotelera.habitacion_105"/>
            <field name="id_tarifa" ref="gestion_hotelera.tarifa_invierno"/>
        </record>
        
        
        
        <!-- ========================================================= -->
        <!-- HABITACIONES 201–205 (MASTER SUITE) → $3000 -->
        <!-- ========================================================= -->
        
        <!-- ================= HABITACIÓN 201 ================= -->
        <record id="precio_sintarifa_hab201" model="hotel.precio">
            <field name="precio_noche">3000</field>
            <field name="id_habitacion" ref="gestion_hotelera.habitacion_201"/>
        </record>
        <record id="precio_primavera_hab201" model="hotel.precio">
            <field name="precio_noche">3000</field>
            <field name="id_habitacion" ref="gestion_hotelera.habitacion_201"/>
            <field name="id_tarifa" ref="gestion_hotelera.tarifa_primavera"/>
        </record>
        <record id="precio_verano_hab201" model="hotel.precio">
            <field name="precio_noche">3000</field>
            <field name="id_habitacion" ref="gestion_hotelera.habitacion_201"/>
            <field name="id_tarifa" ref="gestion_hotelera.tarifa_verano"/>
        </record>
        <record id="precio_otonio_hab201" model="hotel.precio">
            <field name="precio_noche">3000</field>
            <field name="id_habitacion" ref="gestion_hotelera.habitacion_201"/>
            <field name="id_tarifa" ref="gestion_hotelera.tarifa_otonio"/>
        </record>
        <record id="precio_invierno_hab201" model="hotel.precio">
            <field name="precio_noche">3000</field>
            <field name="id_habitacion" ref="gestion_hotelera.habitacion_201"/>
            <field name="id_tarifa" ref="gestion_hotelera.tarifa_invierno"/>
        </record>
        
        
        <!-- ================= HABITACIÓN 202 ================= -->
        <record id="precio_sintarifa_hab202" model="hotel.precio">
            <field name="precio_noche">3000</field>
            <field name="id_habitacion" ref="gestion_hotelera.habitacion_202"/>
        </record>
        <record id="precio_primavera_hab202" model="hotel.precio">
            <field name="precio_noche">3000</field>
            <field name="id_habitacion" ref="gestion_hotelera.habitacion_202"/>
            <field name="id_tarifa" ref="gestion_hotelera.tarifa_primavera"/>
        </record>
        <record id="precio_verano_hab202" model="hotel.precio">
            <field name="precio_noche">3000</field>
            <field name="id_habitacion" ref="gestion_hotelera.habitacion_202"/>
            <field name="id_tarifa" ref="gestion_hotelera.tarifa_verano"/>
        </record>
        <record id="precio_otonio_hab202" model="hotel.precio">
            <field name="precio_noche">3000</field>
            <field name="id_habitacion" ref="gestion_hotelera.habitacion_202"/>
            <field name="id_tarifa" ref="gestion_hotelera.tarifa_otonio"/>
        </record>
        <record id="precio_invierno_hab202" model="hotel.precio">
            <field name="precio_noche">3000</field>
            <field name="id_habitacion" ref="gestion_hotelera.habitacion_202"/>
            <field name="id_tarifa" ref="gestion_hotelera.tarifa_invierno"/>
        </record>
        
        
        <!-- ================= HABITACIÓN 203 ================= -->
        <record id="precio_sintarifa_hab203" model="hotel.precio">
            <field name="precio_noche">3000</field>
            <field name="id_habitacion" ref="gestion_hotelera.habitacion_203"/>
        </record>
        <record id="precio_primavera_hab203" model="hotel.precio">
            <field name="precio_noche">3000</field>
            <field name="id_habitacion" ref="gestion_hotelera.habitacion_203"/>
            <field name="id_tarifa" ref="gestion_hotelera.tarifa_primavera"/>
        </record>
        <record id="precio_verano_hab203" model="hotel.precio">
            <field name="precio_noche">3000</field>
            <field name="id_habitacion" ref="gestion_hotelera.habitacion_203"/>
            <field name="id_tarifa" ref="gestion_hotelera.tarifa_verano"/>
        </record>
        <record id="precio_otonio_hab203" model="hotel.precio">
            <field name="precio_noche">3000</field>
            <field name="id_habitacion" ref="gestion_hotelera.habitacion_203"/>
            <field name="id_tarifa" ref="gestion_hotelera.tarifa_otonio"/>
        </record>
        <record id="precio_invierno_hab203" model="hotel.precio">
            <field name="precio_noche">3000</field>
            <field name="id_habitacion" ref="gestion_hotelera.habitacion_203"/>
            <field name="id_tarifa" ref="gestion_hotelera.tarifa_invierno"/>
        </record>
        
        
        <!-- ================= HABITACIÓN 204 ================= -->
        <record id="precio_sintarifa_hab204" model="hotel.precio">
            <field name="precio_noche">3000</field>
            <field name="id_habitacion" ref="gestion_hotelera.habitacion_204"/>
        </record>
        <record id="precio_primavera_hab204" model="hotel.precio">
            <field name="precio_noche">3000</field>
            <field name="id_habitacion" ref="gestion_hotelera.habitacion_204"/>
            <field name="id_tarifa" ref="gestion_hotelera.tarifa_primavera"/>
        </record>
        <record id="precio_verano_hab204" model="hotel.precio">
            <field name="precio_noche">3000</field>
            <field name="id_habitacion" ref="gestion_hotelera.habitacion_204"/>
            <field name="id_tarifa" ref="gestion_hotelera.tarifa_verano"/>
        </record>
        <record id="precio_otonio_hab204" model="hotel.precio">
            <field name="precio_noche">3000</field>
            <field name="id_habitacion" ref="gestion_hotelera.habitacion_204"/>
            <field name="id_tarifa" ref="gestion_hotelera.tarifa_otonio"/>
        </record>
        <record id="precio_invierno_hab204" model="hotel.precio">
            <field name="precio_noche">3000</field>
            <field name="id_habitacion" ref="gestion_hotelera.habitacion_204"/>
            <field name="id_tarifa" ref="gestion_hotelera.tarifa_invierno"/>
        </record>
        
        
        <!-- ================= HABITACIÓN 205 ================= -->
        <record id="precio_sintarifa_hab205" model="hotel.precio">
            <field name="precio_noche">3000</field>
            <field name="id_habitacion" ref="gestion_hotelera.habitacion_205"/>
        </record>
        <record id="precio_primavera_hab205" model="hotel.precio">
            <field name="precio_noche">3000</field>
            <field name="id_habitacion" ref="gestion_hotelera.habitacion_205"/>
            <field name="id_tarifa" ref="gestion_hotelera.tarifa_primavera"/>
        </record>
        <record id="precio_verano_hab205" model="hotel.precio">
            <field name="precio_noche">3000</field>
            <field name="id_habitacion" ref="gestion_hotelera.habitacion_205"/>
            <field name="id_tarifa" ref="gestion_hotelera.tarifa_verano"/>
        </record>
        <record id="precio_otonio_hab205" model="hotel.precio">
            <field name="precio_noche">3000</field>
            <field name="id_habitacion" ref="gestion_hotelera.habitacion_205"/>
            <field name="id_tarifa" ref="gestion_hotelera.tarifa_otonio"/>
        </record>
        <record id="precio_invierno_hab205" model="hotel.precio">
            <field name="precio_noche">3000</field>
            <field name="id_habitacion" ref="gestion_hotelera.habitacion_205"/>
            <field name="id_tarifa" ref="gestion_hotelera.tarifa_invierno"/>
        </record>
        
        
        
        <!-- ========================================================= -->
        <!-- HABITACIONES 301–305 (VILLA FAMILIAR) → $5000 -->
        <!-- ========================================================= -->
        
        <!-- ================= HABITACIÓN 301 ================= -->
        <record id="precio_sintarifa_hab301" model="hotel.precio">
            <field name="precio_noche">5000</field>
            <field name="id_habitacion" ref="gestion_hotelera.habitacion_301"/>
        </record>
        <record id="precio_primavera_hab301" model="hotel.precio">
            <field name="precio_noche">5000</field>
            <field name="id_habitacion" ref="gestion_hotelera.habitacion_301"/>
            <field name="id_tarifa" ref="gestion_hotelera.tarifa_primavera"/>
        </record>
        <record id="precio_verano_hab301" model="hotel.precio">
            <field name="precio_noche">5000</field>
            <field name="id_habitacion" ref="gestion_hotelera.habitacion_301"/>
            <field name="id_tarifa" ref="gestion_hotelera.tarifa_verano"/>
        </record>
        <record id="precio_otonio_hab301" model="hotel.precio">
            <field name="precio_noche">5000</field>
            <field name="id_habitacion" ref="gestion_hotelera.habitacion_301"/>
            <field name="id_tarifa" ref="gestion_hotelera.tarifa_otonio"/>
        </record>
        <record id="precio_invierno_hab301" model="hotel.precio">
            <field name="precio_noche">5000</field>
            <field name="id_habitacion" ref="gestion_hotelera.habitacion_301"/>
            <field name="id_tarifa" ref="gestion_hotelera.tarifa_invierno"/>
        </record>
        
        
        <!-- ================= HABITACIÓN 302 ================= -->
        <record id="precio_sintarifa_hab302" model="hotel.precio">
            <field name="precio_noche">5000</field>
            <field name="id_habitacion" ref="gestion_hotelera.habitacion_302"/>
        </record>
        <record id="precio_primavera_hab302" model="hotel.precio">
            <field name="precio_noche">5000</field>
            <field name="id_habitacion" ref="gestion_hotelera.habitacion_302"/>
            <field name="id_tarifa" ref="gestion_hotelera.tarifa_primavera"/>
        </record>
        <record id="precio_verano_hab302" model="hotel.precio">
            <field name="precio_noche">5000</field>
            <field name="id_habitacion" ref="gestion_hotelera.habitacion_302"/>
            <field name="id_tarifa" ref="gestion_hotelera.tarifa_verano"/>
        </record>
        <record id="precio_otonio_hab302" model="hotel.precio">
            <field name="precio_noche">5000</field>
            <field name="id_habitacion" ref="gestion_hotelera.habitacion_302"/>
            <field name="id_tarifa" ref="gestion_hotelera.tarifa_otonio"/>
        </record>
        <record id="precio_invierno_hab302" model="hotel.precio">
            <field name="precio_noche">5000</field>
            <field name="id_habitacion" ref="gestion_hotelera.habitacion_302"/>
            <field name="id_tarifa" ref="gestion_hotelera.tarifa_invierno"/>
        </record>
        
        
        <!-- ================= HABITACIÓN 303 ================= -->
        <record id="precio_sintarifa_hab303" model="hotel.precio">
            <field name="precio_noche">5000</field>
            <field name="id_habitacion" ref="gestion_hotelera.habitacion_303"/>
        </record>
        <record id="precio_primavera_hab303" model="hotel.precio">
            <field name="precio_noche">5000</field>
            <field name="id_habitacion" ref="gestion_hotelera.habitacion_303"/>
            <field name="id_tarifa" ref="gestion_hotelera.tarifa_primavera"/>
        </record>
        <record id="precio_verano_hab303" model="hotel.precio">
            <field name="precio_noche">5000</field>
            <field name="id_habitacion" ref="gestion_hotelera.habitacion_303"/>
            <field name="id_tarifa" ref="gestion_hotelera.tarifa_verano"/>
        </record>
        <record id="precio_otonio_hab303" model="hotel.precio">
            <field name="precio_noche">5000</field>
            <field name="id_habitacion" ref="gestion_hotelera.habitacion_303"/>
            <field name="id_tarifa" ref="gestion_hotelera.tarifa_otonio"/>
        </record>
        <record id="precio_invierno_hab303" model="hotel.precio">
            <field name="precio_noche">5000</field>
            <field name="id_habitacion" ref="gestion_hotelera.habitacion_303"/>
            <field name="id_tarifa" ref="gestion_hotelera.tarifa_invierno"/>
        </record>
        
        
        <!-- ================= HABITACIÓN 304 ================= -->
        <record id="precio_sintarifa_hab304" model="hotel.precio">
            <field name="precio_noche">5000</field>
            <field name="id_habitacion" ref="gestion_hotelera.habitacion_304"/>
        </record>
        <record id="precio_primavera_hab304" model="hotel.precio">
            <field name="precio_noche">5000</field>
            <field name="id_habitacion" ref="gestion_hotelera.habitacion_304"/>
            <field name="id_tarifa" ref="gestion_hotelera.tarifa_primavera"/>
        </record>
        <record id="precio_verano_hab304" model="hotel.precio">
            <field name="precio_noche">5000</field>
            <field name="id_habitacion" ref="gestion_hotelera.habitacion_304"/>
            <field name="id_tarifa" ref="gestion_hotelera.tarifa_verano"/>
        </record>
        <record id="precio_otonio_hab304" model="hotel.precio">
            <field name="precio_noche">5000</field>
            <field name="id_habitacion" ref="gestion_hotelera.habitacion_304"/>
            <field name="id_tarifa" ref="gestion_hotelera.tarifa_otonio"/>
        </record>
        <record id="precio_invierno_hab304" model="hotel.precio">
            <field name="precio_noche">5000</field>
            <field name="id_habitacion" ref="gestion_hotelera.habitacion_304"/>
            <field name="id_tarifa" ref="gestion_hotelera.tarifa_invierno"/>
        </record>
        
        
        <!-- ================= HABITACIÓN 305 ================= -->
        <record id="precio_sintarifa_hab305" model="hotel.precio">
            <field name="precio_noche">5000</field>
            <field name="id_habitacion" ref="gestion_hotelera.habitacion_305"/>
        </record>
        <record id="precio_primavera_hab305" model="hotel.precio">
            <field name="precio_noche">5000</field>
            <field name="id_habitacion" ref="gestion_hotelera.habitacion_305"/>
            <field name="id_tarifa" ref="gestion_hotelera.tarifa_primavera"/>
        </record>
        <record id="precio_verano_hab305" model="hotel.precio">
            <field name="precio_noche">5000</field>
            <field name="id_habitacion" ref="gestion_hotelera.habitacion_305"/>
            <field name="id_tarifa" ref="gestion_hotelera.tarifa_verano"/>
        </record>
        <record id="precio_otonio_hab305" model="hotel.precio">
            <field name="precio_noche">5000</field>
            <field name="id_habitacion" ref="gestion_hotelera.habitacion_305"/>
            <field name="id_tarifa" ref="gestion_hotelera.tarifa_otonio"/>
        </record>
        <record id="precio_invierno_hab305" model="hotel.precio">
            <field name="precio_noche">5000</field>
            <field name="id_habitacion" ref="gestion_hotelera.habitacion_305"/>
            <field name="id_tarifa" ref="gestion_hotelera.tarifa_invierno"/>
        </record>
    </data>
</odoo>