<?xml version="1.0" encoding="UTF-8"?>
<odoo>
    <record id="pendiente_pago" model="hotel.reserva.stage">
        <field name="name">Pendiente</field>
        <field name="sequence">1</field>
    </record>
    <record id="reservada" model="hotel.reserva.stage">
        <field name="name">Reservada</field>
        <field name="sequence">2</field>
    </record>
    <record id="confirmada_checkin" model="hotel.reserva.stage">
        <field name="name">Confirmada (Check-In)</field>
        <field name="sequence">3</field>
    </record>
    <record id="finalizada_checkout" model="hotel.reserva.stage">
        <field name="name">Finalizada (Check-Out)</field>
        <field name="sequence">4</field>
    </record>
    <record id="cancelada" model="hotel.reserva.stage">
        <field name="name">Cancelada</field>
        <field name="sequence">5</field>
    </record>

    <record id="historial" model="hotel.reserva.stage">
        <field name="name">Historial</field>
        <field name="sequence">6</field>
    </record>
</odoo>