<odoo>
    <data noupdate="1">
        <record id="tarifa_primavera" model="hotel.tarifa">
            <field name="name">Tarifa de primavera</field>
            <field name="precio_temporada">500</field>
            <field name="fecha_inicio">2026-03-21</field>
            <field name="fecha_fin">2026-06-20</field>
        </record>
        
        <record id="tarifa_verano" model="hotel.tarifa">
            <field name="name">Tarifa de verano</field>
            <field name="precio_temporada">300</field>
            <field name="fecha_inicio">2025-06-21</field>
            <field name="fecha_fin">2025-09-22</field>
        </record>
        
        <record id="tarifa_otonio" model="hotel.tarifa">
            <field name="name">Tarifa de otoño</field>
            <field name="precio_temporada">1000</field>
            <field name="fecha_inicio">2025-09-23</field>
            <field name="fecha_fin">2025-12-20</field>
        </record>
        
        <record id="tarifa_invierno" model="hotel.tarifa">
            <field name="name">Tarifa de invierno</field>
            <field name="precio_temporada">800</field>
            <field name="fecha_inicio">2025-12-21</field>
            <field name="fecha_fin">2026-03-20</field>
        </record>
    </data>
</odoo>