<odoo>
    <data noupdate="1">
        <record id="tipo_junior" model="hotel.habitacion.tipo">
            <field name="name">Junior Suite</field>
            <field name="max_personas">2</field>
            <field name="notas">VISTA AL JARDÍN • CAMA KING.&#10;Espacios luminosos con techos altos, decoración artesanal local y hamaca privada en la terraza.</field>
        </record>
        
        <record id="tipo_master" model="hotel.habitacion.tipo">
            <field name="name">Master Suite</field>
            <field name="max_personas">4</field>
            <field name="notas">PISCINA PRIVADA • CAMA KING.&#10;Lujo absoluto con piscina de inmersión privada, baño de piedra caliza y amenidades orgánicas de miel y sábila.</field>
        </record>
        
        <record id="tipo_villa" model="hotel.habitacion.tipo">
            <field name="name">Villa Familiar</field>
            <field name="max_personas">6</field>
            <field name="notas">2 HABITACIONES • SALA.&#10;Ideal para familias, con acceso directo a los jardines principales y espacios amplios para convivir.</field>
        </record>
    </data>
</odoo>